id,winner
501220,0.836305738
548359,0.866274732
1178424,0.262031268
501251,0.442337798
980949,0.488572137
1216538,0.382834291
501223,0.841112056
598012,0.047582924
598014,0.86936541
980925,0.42637815
392190,0.368775238
1178414,0.079590221
1136594,0.347347741
1237177,0.200478939
548318,0.0619513
733993,0.849140341
548376,0.358956113
392234,0.211758953
829763,0.322056422
980935,0.844155674
419130,0.664542738
